S.No,Date,Product Name,MRP,Current Price,Discount percentage,Ratings,Number of Reviews,Product Image URL,Product Page URL,Local Image Path
1,2026-02-01,Women Printed Silk Blend Straight Kurta,,805,38% off,N/A,N/A,https://rukminim2.flixcart.com/image/612/612/xif0q/kurta/y/n/j/l-29759-libas-original-imahea2gebwy6q9h.jpeg?q=70,https://www.flipkart.com/libas-women-printed-straight-kurta/p/itm27d47637ca687?pid=KTAHEA3BK63VYMHC&lid=LSTKTAHEA3BK63VYMHCOLJYYI&marketplace=FLIPKART&store=clo%2Fcfv%2Fcib%2Frkt&srno=b_1_1&otracker=browse&fm=organic&iid=e9d2b9aa-2f3d-4949-bd48-5a1a94a0226c.KTAHEA3BK63VYMHC.SEARCH&ppt=None&ppn=None&ssid=1du76gcb1c0000001769920502788,images\1_Women Printed Silk Blend Straight Kurta.jpeg
2,2026-02-01,Women Printed Viscose Rayon Straight Kurta,,684,61% off,N/A,N/A,https://rukminim2.flixcart.com/image/612/612/xif0q/kurta/k/v/y/m-32503313-anouk-original-imahb3hdfhcpcyyx.jpeg?q=70,https://www.flipkart.com/anouk-women-printed-straight-kurta/p/itm36dc4a3ebef7b?pid=KTAHB3HETH9TUJMK&lid=LSTKTAHB3HETH9TUJMKVVCVNS&marketplace=FLIPKART&store=clo%2Fcfv%2Fcib%2Frkt&srno=b_1_2&otracker=browse&fm=organic&iid=e9d2b9aa-2f3d-4949-bd48-5a1a94a0226c.KTAHB3HETH9TUJMK.SEARCH&ppt=None&ppn=None&ssid=1du76gcb1c0000001769920502788,images\2_Women Printed Viscose Rayon Straight Kurta.jpeg
3,2026-02-01,PicPok,,239,81% off,N/A,N/A,https://rukminim2.flixcart.com/image/612/612/xif0q/kurta/9/r/j/xs-wmnvnkkurtivk-lasmo-original-imahfnryamwunzfu.jpeg?q=70,https://www.flipkart.com/picpok-women-printed-straight-kurta/p/itm5a0594226dfc4?pid=KTAHFPXM5NKGMWMB&lid=LSTKTAHFPXM5NKGMWMBDFMF4U&marketplace=FLIPKART&store=clo%2Fcfv%2Fcib%2Frkt&srno=b_1_3&otracker=browse&fm=organic&iid=e9d2b9aa-2f3d-4949-bd48-5a1a94a0226c.KTAHFPXM5NKGMWMB.SEARCH&ppt=None&ppn=None&ssid=1du76gcb1c0000001769920502788,images\3_PicPok.jpeg
4,2026-02-01,Ibtida,,1273,31% off,N/A,N/A,https://rukminim2.flixcart.com/image/612/612/xif0q/kurta/e/q/g/s-lms-13-ibtida-original-imahhfnsgyxywmca.jpeg?q=70,https://www.flipkart.com/ibtida-women-printed-straight-kurta/p/itm43fa1a2d0c235?pid=KTAHG8A3YBHRTBPY&lid=LSTKTAHG8A3YBHRTBPYE4GDAE&marketplace=FLIPKART&store=clo%2Fcfv%2Fcib%2Frkt&srno=b_1_4&otracker=browse&fm=organic&iid=e9d2b9aa-2f3d-4949-bd48-5a1a94a0226c.KTAHG8A3YBHRTBPY.SEARCH&ppt=None&ppn=None&ssid=1du76gcb1c0000001769920502788,images\4_Ibtida.jpeg
5,2026-02-01,Varanga,,719,72% off,N/A,N/A,https://rukminim2.flixcart.com/image/612/612/l1qrjbk0/kurta/n/9/j/l-vkur259-varanga-original-imagd8tfgjdbg43f.jpeg?q=70,https://www.flipkart.com/varanga-women-printed-straight-kurta/p/itm2483a9e50ae17?pid=KTAGD8TFFFHZH6MK&lid=LSTKTAGD8TFFFHZH6MKCLUZWG&marketplace=FLIPKART&store=clo%2Fcfv%2Fcib%2Frkt&srno=b_1_5&otracker=browse&fm=organic&iid=e9d2b9aa-2f3d-4949-bd48-5a1a94a0226c.KTAGD8TFFFHZH6MK.SEARCH&ppt=None&ppn=None&ssid=1du76gcb1c0000001769920502788,images\5_Varanga.jpeg
6,2026-02-01,Bella Fashion,,261,73% off,N/A,N/A,https://rukminim2.flixcart.com/image/612/612/xif0q/top/g/w/m/s-1-top-bella-fashion-original-imahgdfqv3fshntc.jpeg?q=70,https://www.flipkart.com/bella-fashion-women-printed-straight-kurta/p/itm4e8edcb265427?pid=KTAHGDKE9GBVXKGZ&lid=LSTKTAHGDKE9GBVXKGZHBCMV1&marketplace=FLIPKART&store=clo%2Fcfv%2Fcib%2Frkt&srno=b_1_6&otracker=browse&fm=organic&iid=e9d2b9aa-2f3d-4949-bd48-5a1a94a0226c.KTAHGDKE9GBVXKGZ.SEARCH&ppt=None&ppn=None&ssid=1du76gcb1c0000001769920502788,images\6_Bella Fashion.jpeg
7,2026-02-01,SHIRSHA TEXTILE,,495,61% off,N/A,N/A,https://rukminim2.flixcart.com/image/612/612/xif0q/kurta/j/l/x/m-bandhni-print-kurti-shirsha-textile-original-imahgajpvuxu6zrt.jpeg?q=70,https://www.flipkart.com/shirsha-textile-women-printed-straight-kurta/p/itmfd64060962d32?pid=KTAHGAJPWEJA97KN&lid=LSTKTAHGAJPWEJA97KNPCVTMY&marketplace=FLIPKART&store=clo%2Fcfv%2Fcib%2Frkt&srno=b_1_7&otracker=browse&fm=organic&iid=e9d2b9aa-2f3d-4949-bd48-5a1a94a0226c.KTAHGAJPWEJA97KN.SEARCH&ppt=None&ppn=None&ssid=1du76gcb1c0000001769920502788,images\7_SHIRSHA TEXTILE.jpeg
8,2026-02-01,Radhegovind Creation,,280,76% off,N/A,N/A,https://rukminim2.flixcart.com/image/612/612/xif0q/kurta/o/p/a/xs-011-radhegovind-creation-original-imahgsaayzfmygg2.jpeg?q=70,https://www.flipkart.com/radhegovind-creation-women-printed-straight-kurta/p/itmd8a1784e4b240?pid=KTAHGWKKXYHKKHYJ&lid=LSTKTAHGWKKXYHKKHYJYU0IH7&marketplace=FLIPKART&store=clo%2Fcfv%2Fcib%2Frkt&srno=b_1_8&otracker=browse&fm=organic&iid=e9d2b9aa-2f3d-4949-bd48-5a1a94a0226c.KTAHGWKKXYHKKHYJ.SEARCH&ppt=None&ppn=None&ssid=1du76gcb1c0000001769920502788,images\8_Radhegovind Creation.jpeg
9,2026-02-01,Women Paisley Viscose Rayon Straight Kurta,,595,54% off,N/A,N/A,https://rukminim2.flixcart.com/image/612/612/xif0q/kurta/c/8/g/xxl-krtb020black-fims-original-imahgt3t9pky3mqh.jpeg?q=70,https://www.flipkart.com/fims-women-paisley-straight-kurta/p/itm255136cdd56d7?pid=KTAHGT3U7YYTQH2D&lid=LSTKTAHGT3U7YYTQH2DHDFKPD&marketplace=FLIPKART&store=clo%2Fcfv%2Fcib%2Frkt&srno=b_1_9&otracker=browse&fm=organic&iid=e9d2b9aa-2f3d-4949-bd48-5a1a94a0226c.KTAHGT3U7YYTQH2D.SEARCH&ppt=None&ppn=None&ssid=1du76gcb1c0000001769920502788,images\9_Women Paisley Viscose Rayon Straight Kurta.jpeg
10,2026-02-01,Celtic Fab,,244,87% off,N/A,N/A,https://rukminim2.flixcart.com/image/612/612/xif0q/kurta/a/w/f/m-sea-grn-slvless-kurta-celtic-fab-original-imahkf57fqgnmesg.jpeg?q=70,https://www.flipkart.com/celtic-fab-women-printed-straight-kurta/p/itm03f0f1dd2d793?pid=KTAGNDC3FYVBGD7H&lid=LSTKTAGNDC3FYVBGD7HJVKFUX&marketplace=FLIPKART&store=clo%2Fcfv%2Fcib%2Frkt&srno=b_1_10&otracker=browse&fm=organic&iid=e9d2b9aa-2f3d-4949-bd48-5a1a94a0226c.KTAGNDC3FYVBGD7H.SEARCH&ppt=None&ppn=None&ssid=1du76gcb1c0000001769920502788,images\10_Celtic Fab.jpeg
11,2026-02-01,Women Printed Pure Cotton Straight Kurta,,468,76% off,N/A,N/A,https://rukminim2.flixcart.com/image/612/612/xif0q/kurta/n/v/n/xl-shortkr789p-mialo-fashion-original-imahgg3brywby285.jpeg?q=70,https://www.flipkart.com/rajam-women-printed-straight-kurta/p/itmcbd07c3023dca?pid=KTAHFHNT2AKHQGSJ&lid=LSTKTAHFHNT2AKHQGSJZZALGW&marketplace=FLIPKART&store=clo%2Fcfv%2Fcib%2Frkt&srno=b_1_11&otracker=browse&fm=organic&iid=e9d2b9aa-2f3d-4949-bd48-5a1a94a0226c.KTAHFHNT2AKHQGSJ.SEARCH&ppt=None&ppn=None&ssid=1du76gcb1c0000001769920502788,images\11_Women Printed Pure Cotton Straight Kurta.jpeg
12,2026-02-01,Outfitsbytiyaara,,440,55% off,N/A,N/A,https://rukminim2.flixcart.com/image/612/612/xif0q/kurta/v/p/w/s-sleeveless-kurti-green-outfitsbytiyaara-original-imahk663yr6rnmzu.jpeg?q=70,https://www.flipkart.com/outfitsbytiyaara-women-printed-straight-kurta/p/itm026db91e766c6?pid=KTAHGFQDJKHRABFU&lid=LSTKTAHGFQDJKHRABFU29IFZG&marketplace=FLIPKART&store=clo%2Fcfv%2Fcib%2Frkt&srno=b_1_12&otracker=browse&fm=organic&iid=e9d2b9aa-2f3d-4949-bd48-5a1a94a0226c.KTAHGFQDJKHRABFU.SEARCH&ppt=None&ppn=None&ssid=1du76gcb1c0000001769920502788,images\12_Outfitsbytiyaara.jpeg
13,2026-02-01,Women Embroidered Pure Cotton Straight Kurta,,1484,25% off,N/A,N/A,https://rukminim2.flixcart.com/image/612/612/xif0q/kurta/7/m/f/m-grey102-miraa-original-imahgfpxghqn4yru.jpeg?q=70,https://www.flipkart.com/miraa-women-embroidered-straight-kurta/p/itme86d81a0c2f5e?pid=KTAHGFQ65FT942S7&lid=LSTKTAHGFQ65FT942S7HBFIHP&marketplace=FLIPKART&store=clo%2Fcfv%2Fcib%2Frkt&srno=b_1_13&otracker=browse&fm=organic&iid=e9d2b9aa-2f3d-4949-bd48-5a1a94a0226c.KTAHGFQ65FT942S7.SEARCH&ppt=None&ppn=None&ssid=1du76gcb1c0000001769920502788,images\13_Women Embroidered Pure Cotton Straight Kurta.jpeg
14,2026-02-01,Pack of 2 Women Printed Cotton Blend Ethnic Dress,,1066,53% off,N/A,N/A,https://rukminim2.flixcart.com/image/612/612/xif0q/kurta/9/g/n/m-ss25-qiswkp0228-qissa-original-imah7cfqhqtjdzwq.jpeg?q=70,https://www.flipkart.com/qissa-women-printed-ethnic-dress-kurta/p/itm892122be44f34?pid=KTAH7CFQHBGNJ2MH&lid=LSTKTAH7CFQHBGNJ2MH3M6AFQ&marketplace=FLIPKART&store=clo%2Fcfv%2Fcib%2Frkt&srno=b_1_14&otracker=browse&fm=organic&iid=e9d2b9aa-2f3d-4949-bd48-5a1a94a0226c.KTAH7CFQHBGNJ2MH.SEARCH&ppt=None&ppn=None&ssid=1du76gcb1c0000001769920502788,images\14_Pack of 2 Women Printed Cotton Blend Ethnic Dress.jpeg
15,2026-02-01,Pingaksh,,373,62% off,N/A,N/A,https://rukminim2.flixcart.com/image/612/612/xif0q/kurta/8/x/o/xl-d-34-maroon-backless-kurti-pingaksh-resized-2-original-imahfza8hgbfanmz.jpeg?q=70,https://www.flipkart.com/pingaksh-women-floral-print-printed-straight-kurta/p/itmae86f676c4ab4?pid=KTAHFZA8YWABZ9TY&lid=LSTKTAHFZA8YWABZ9TYIFAWQN&marketplace=FLIPKART&store=clo%2Fcfv%2Fcib%2Frkt&srno=b_1_15&otracker=browse&fm=organic&iid=e9d2b9aa-2f3d-4949-bd48-5a1a94a0226c.KTAHFZA8YWABZ9TY.SEARCH&ppt=None&ppn=None&ssid=1du76gcb1c0000001769920502788,images\15_Pingaksh.jpeg
16,2026-02-01,Agomoni,,900,9% off,N/A,N/A,https://rukminim2.flixcart.com/image/612/612/xif0q/kurta/1/z/e/xs-01-white-saree-agomoni-resized-2-original-imahf9btezthjnpg.jpeg?q=70,https://www.flipkart.com/agomoni-women-woven-design-straight-kurta/p/itm166d1e9908617?pid=KTAHF9BTFFX8QMZN&lid=LSTKTAHF9BTFFX8QMZNYOFS9O&marketplace=FLIPKART&store=clo%2Fcfv%2Fcib%2Frkt&srno=b_1_16&otracker=browse&fm=organic&iid=e9d2b9aa-2f3d-4949-bd48-5a1a94a0226c.KTAHF9BTFFX8QMZN.SEARCH&ppt=None&ppn=None&ssid=1du76gcb1c0000001769920502788,images\16_Agomoni.jpeg
17,2026-02-01,Ibtida,,980,42% off,N/A,N/A,https://rukminim2.flixcart.com/image/612/612/xif0q/kurta/q/u/9/xs-lms-5-ibtida-original-imahf8uxzv4urdkz.jpeg?q=70,https://www.flipkart.com/ibtida-women-printed-straight-kurta/p/itmd24fd41c74d08?pid=KTAHF8UYHH7ZEEJY&lid=LSTKTAHF8UYHH7ZEEJYLB8YL5&marketplace=FLIPKART&store=clo%2Fcfv%2Fcib%2Frkt&srno=b_1_17&otracker=browse&fm=organic&iid=e9d2b9aa-2f3d-4949-bd48-5a1a94a0226c.KTAHF8UYHH7ZEEJY.SEARCH&ppt=None&ppn=None&ssid=1du76gcb1c0000001769920502788,images\17_Ibtida.jpeg
18,2026-02-01,Varanga,,899,72% off,N/A,N/A,https://rukminim2.flixcart.com/image/612/612/xif0q/kurta/l/k/p/s-vkur1990-varanga-original-imah8g3ttxuv6zhj.jpeg?q=70,https://www.flipkart.com/varanga-women-printed-straight-kurta/p/itme03db03162fb5?pid=KTAH8G3UDVKZHXHF&lid=LSTKTAH8G3UDVKZHXHFJR0LTO&marketplace=FLIPKART&store=clo%2Fcfv%2Fcib%2Frkt&srno=b_1_18&otracker=browse&fm=organic&iid=e9d2b9aa-2f3d-4949-bd48-5a1a94a0226c.KTAH8G3UDVKZHXHF.SEARCH&ppt=None&ppn=None&ssid=1du76gcb1c0000001769920502788,images\18_Varanga.jpeg
19,2026-02-01,Women Printed Pure Cotton Straight Kurta,,456,77% off,N/A,N/A,https://rukminim2.flixcart.com/image/612/612/xif0q/kurta/m/q/p/xl-short-kurti-05-orelle-original-imahhmahrbk2kf2u.jpeg?q=70,https://www.flipkart.com/rajam-women-printed-straight-kurta/p/itm9ca2c9e9ffc9c?pid=KTAHFHNTCSGY9KJH&lid=LSTKTAHFHNTCSGY9KJHF4CRRM&marketplace=FLIPKART&store=clo%2Fcfv%2Fcib%2Frkt&srno=b_1_19&otracker=browse&fm=organic&iid=e9d2b9aa-2f3d-4949-bd48-5a1a94a0226c.KTAHFHNTCSGY9KJH.SEARCH&ppt=None&ppn=None&ssid=1du76gcb1c0000001769920502788,images\19_Women Printed Pure Cotton Straight Kurta.jpeg
20,2026-02-01,Rain & Rainbow,,718,60% off,N/A,N/A,https://rukminim2.flixcart.com/image/612/612/l1mh7rk0/kurta/f/g/c/m-2899-1107-04-rain-rainbow-original-imagd5g3ech5rfgy.jpeg?q=70,https://www.flipkart.com/rain-rainbow-women-floral-print-a-line-kurta/p/itmf8d5eb9d6f886?pid=KTAGD5G4DJ8PSFAF&lid=LSTKTAGD5G4DJ8PSFAFD2YTET&marketplace=FLIPKART&store=clo%2Fcfv%2Fcib%2Frkt&srno=b_1_20&otracker=browse&fm=organic&iid=e9d2b9aa-2f3d-4949-bd48-5a1a94a0226c.KTAGD5G4DJ8PSFAF.SEARCH&ppt=None&ppn=None&ssid=1du76gcb1c0000001769920502788,images\20_Rain & Rainbow.jpeg
21,2026-02-01,Rain & Rainbow,,758,60% off,N/A,N/A,https://rukminim2.flixcart.com/image/612/612/xif0q/kurta/j/2/v/s-3052-ss-1158-08-rain-rainbow-original-imah3yuphjugpqgt.jpeg?q=70,https://www.flipkart.com/rain-rainbow-women-self-design-a-line-kurta/p/itm9737feefa95f6?pid=KTAH3YUPTHCYSVNE&lid=LSTKTAH3YUPTHCYSVNEMK958V&marketplace=FLIPKART&store=clo%2Fcfv%2Fcib%2Frkt&srno=b_1_21&otracker=browse&fm=organic&iid=e9d2b9aa-2f3d-4949-bd48-5a1a94a0226c.KTAH3YUPTHCYSVNE.SEARCH&ppt=None&ppn=None&ssid=1du76gcb1c0000001769920502788,images\21_Rain & Rainbow.jpeg
22,2026-02-01,Women Embroidered Viscose Rayon Straight Kurta,,684,61% off,N/A,N/A,https://rukminim2.flixcart.com/image/612/612/xif0q/kurta/p/n/q/xxl-31380352-anouk-original-imahavv2vyzrhdwx.jpeg?q=70,https://www.flipkart.com/anouk-women-embroidered-straight-kurta/p/itmb5c87a99c88db?pid=KTAHAVV3WGGUTRT7&lid=LSTKTAHAVV3WGGUTRT7LBCRLO&marketplace=FLIPKART&store=clo%2Fcfv%2Fcib%2Frkt&srno=b_1_22&otracker=browse&fm=organic&iid=e9d2b9aa-2f3d-4949-bd48-5a1a94a0226c.KTAHAVV3WGGUTRT7.SEARCH&ppt=None&ppn=None&ssid=1du76gcb1c0000001769920502788,images\22_Women Embroidered Viscose Rayon Straight Kurta.jpeg
23,2026-02-01,Rain & Rainbow,,590,63% off,N/A,N/A,https://rukminim2.flixcart.com/image/612/612/xif0q/kurta/9/o/k/xxl-2701-ss-1148-35-rain-rainbow-original-imah8yc3qe7q4hnh.jpeg?q=70,https://www.flipkart.com/rain-rainbow-women-printed-a-line-kurta/p/itme68a90b2875ed?pid=KTAH3ZVAY3WK4ZMW&lid=LSTKTAH3ZVAY3WK4ZMW26K3GS&marketplace=FLIPKART&store=clo%2Fcfv%2Fcib%2Frkt&srno=b_1_23&otracker=browse&fm=organic&iid=e9d2b9aa-2f3d-4949-bd48-5a1a94a0226c.KTAH3ZVAY3WK4ZMW.SEARCH&ppt=None&ppn=None&ssid=1du76gcb1c0000001769920502788,images\23_Rain & Rainbow.jpeg
24,2026-02-01,Rain & Rainbow,,807,55% off,N/A,N/A,https://rukminim2.flixcart.com/image/612/612/xif0q/kurta/y/w/l/s-2800-ss-1155-04-rain-rainbow-original-imah7zbyghhybhj6.jpeg?q=70,https://www.flipkart.com/rain-rainbow-women-floral-print-straight-kurta/p/itm5c6e372e905bd?pid=KTAH3YUPFNVQUG9R&lid=LSTKTAH3YUPFNVQUG9RMLGKAE&marketplace=FLIPKART&store=clo%2Fcfv%2Fcib%2Frkt&srno=b_1_24&otracker=browse&fm=organic&iid=e9d2b9aa-2f3d-4949-bd48-5a1a94a0226c.KTAH3YUPFNVQUG9R.SEARCH&ppt=None&ppn=None&ssid=1du76gcb1c0000001769920502788,images\24_Rain & Rainbow.jpeg
25,2026-02-01,ETHNIFLAIR,,463,76% off,N/A,N/A,https://rukminim2.flixcart.com/image/612/612/xif0q/kurta/s/8/8/l-efank234-ethniflair-original-imah5hvzbcfqyjad.jpeg?q=70,https://www.flipkart.com/ethniflair-women-floral-print-straight-kurta/p/itm38330ce2df844?pid=KTAH5HWYZNPAUZ7A&lid=LSTKTAH5HWYZNPAUZ7AEYGEYB&marketplace=FLIPKART&store=clo%2Fcfv%2Fcib%2Frkt&srno=b_1_25&otracker=browse&fm=organic&iid=e9d2b9aa-2f3d-4949-bd48-5a1a94a0226c.KTAH5HWYZNPAUZ7A.SEARCH&ppt=None&ppn=None&ssid=1du76gcb1c0000001769920502788,images\25_ETHNIFLAIR.jpeg
26,2026-02-01,VASHTI BY ANUPAMA,,448,18% off,N/A,N/A,https://rukminim2.flixcart.com/image/612/612/xif0q/kurta/b/v/q/s-short-kurti-vashti-by-anupama-original-imahfyqkrq5c8jep.jpeg?q=70,https://www.flipkart.com/vashti-anupama-women-printed-straight-kurta/p/itm67adf7e5ba7a6?pid=KTAHFYZVTCYEGJCN&lid=LSTKTAHFYZVTCYEGJCNQ1VWIB&marketplace=FLIPKART&store=clo%2Fcfv%2Fcib%2Frkt&srno=b_1_26&otracker=browse&fm=organic&iid=e9d2b9aa-2f3d-4949-bd48-5a1a94a0226c.KTAHFYZVTCYEGJCN.SEARCH&ppt=None&ppn=None&ssid=1du76gcb1c0000001769920502788,images\26_VASHTI BY ANUPAMA.jpeg
27,2026-02-01,AKANSHA,,398,60% off,N/A,N/A,https://rukminim2.flixcart.com/image/612/612/xif0q/kurta/p/n/s/m-green-short-kurti-akansha-original-imahj26dtu3gh9yz.jpeg?q=70,https://www.flipkart.com/akansha-women-floral-print-printed-straight-kurta/p/itmc3e880b7a7c59?pid=KTAHJ26D6TT3K988&lid=LSTKTAHJ26D6TT3K9882HTG3X&marketplace=FLIPKART&store=clo%2Fcfv%2Fcib%2Frkt&srno=b_1_27&otracker=browse&fm=organic&iid=e9d2b9aa-2f3d-4949-bd48-5a1a94a0226c.KTAHJ26D6TT3K988.SEARCH&ppt=None&ppn=None&ssid=1du76gcb1c0000001769920502788,images\27_AKANSHA.jpeg
28,2026-02-01,Women Block Print Pure Cotton Straight Kurta,,988,47% off,N/A,N/A,https://rukminim2.flixcart.com/image/612/612/xif0q/kurta/k/7/f/m-maroon-miraa-original-imahgq92w6mcz42m.jpeg?q=70,https://www.flipkart.com/miraa-women-block-print-straight-kurta/p/itmc6169ce4fa947?pid=KTAHGQ937RSDVEMZ&lid=LSTKTAHGQ937RSDVEMZNN0O6U&marketplace=FLIPKART&store=clo%2Fcfv%2Fcib%2Frkt&srno=b_1_28&otracker=browse&fm=organic&iid=e9d2b9aa-2f3d-4949-bd48-5a1a94a0226c.KTAHGQ937RSDVEMZ.SEARCH&ppt=None&ppn=None&ssid=1du76gcb1c0000001769920502788,images\28_Women Block Print Pure Cotton Straight Kurta.jpeg
29,2026-02-01,CLANGER,,348,76% off,N/A,N/A,https://rukminim2.flixcart.com/image/612/612/xif0q/kurta/g/4/v/l-trikone-clanger-resized-2-original-imahgzk6jgety6nr.jpeg?q=70,https://www.flipkart.com/clanger-women-floral-print-straight-kurta/p/itmbd219d6ba6d0f?pid=KTAHGZK6APKZJJCX&lid=LSTKTAHGZK6APKZJJCX7NBHXN&marketplace=FLIPKART&store=clo%2Fcfv%2Fcib%2Frkt&srno=b_1_29&otracker=browse&fm=organic&iid=e9d2b9aa-2f3d-4949-bd48-5a1a94a0226c.KTAHGZK6APKZJJCX.SEARCH&ppt=None&ppn=None&ssid=1du76gcb1c0000001769920502788,images\29_CLANGER.jpeg
30,2026-02-01,Varanga,,849,78% off,N/A,N/A,https://rukminim2.flixcart.com/image/612/612/xif0q/kurta/q/s/a/m-vkur1790-varanga-original-imagued6u7tkrkzb.jpeg?q=70,https://www.flipkart.com/varanga-women-floral-print-a-line-kurta/p/itmc0c46aae54282?pid=KTAGUED8CSZU9VF3&lid=LSTKTAGUED8CSZU9VF3TKEHVC&marketplace=FLIPKART&store=clo%2Fcfv%2Fcib%2Frkt&srno=b_1_30&otracker=browse&fm=organic&iid=e9d2b9aa-2f3d-4949-bd48-5a1a94a0226c.KTAGUED8CSZU9VF3.SEARCH&ppt=None&ppn=None&ssid=1du76gcb1c0000001769920502788,images\30_Varanga.jpeg
31,2026-02-01,Rain & Rainbow,,590,63% off,N/A,N/A,https://rukminim2.flixcart.com/image/612/612/xif0q/kurta/3/u/k/l-2701-ss-1148-13-rain-rainbow-original-imah3zf5navzqaas.jpeg?q=70,https://www.flipkart.com/rain-rainbow-women-abstract-a-line-kurta/p/itmb2be8cd97678e?pid=KTAH3ZF8JGFZ4ZWP&lid=LSTKTAH3ZF8JGFZ4ZWPCGDGLD&marketplace=FLIPKART&store=clo%2Fcfv%2Fcib%2Frkt&srno=b_1_31&otracker=browse&fm=organic&iid=e9d2b9aa-2f3d-4949-bd48-5a1a94a0226c.KTAH3ZF8JGFZ4ZWP.SEARCH&ppt=None&ppn=None&ssid=1du76gcb1c0000001769920502788,images\31_Rain & Rainbow.jpeg
32,2026-02-01,Women Printed Viscose Rayon Straight Kurta,,878,45% off,N/A,N/A,https://rukminim2.flixcart.com/image/612/612/xif0q/kurta/8/q/t/xxl-bakes-blue20895-biba-original-imah43bvfqrugdd6.jpeg?q=70,https://www.flipkart.com/biba-women-printed-straight-kurta/p/itmf11bca59a44cc?pid=KTAH43BVKZXSTMSN&lid=LSTKTAH43BVKZXSTMSNZINSJC&marketplace=FLIPKART&store=clo%2Fcfv%2Fcib%2Frkt&srno=b_1_32&otracker=browse&fm=organic&iid=e9d2b9aa-2f3d-4949-bd48-5a1a94a0226c.KTAH43BVKZXSTMSN.SEARCH&ppt=None&ppn=None&ssid=1du76gcb1c0000001769920502788,images\32_Women Printed Viscose Rayon Straight Kurta.jpeg
33,2026-02-01,HERE&NOW,,811,42% off,N/A,N/A,https://rukminim2.flixcart.com/image/612/612/xif0q/kurta/8/4/p/-original-imahfs6ksztzzpgs.jpeg?q=70,https://www.flipkart.com/here-now-women-printed-straight-kurta/p/itm1797467fe340a?pid=KTAHFHH3BB8ZMHFK&lid=LSTKTAHFHH3BB8ZMHFKGOAARZ&marketplace=FLIPKART&store=clo%2Fcfv%2Fcib%2Frkt&srno=b_1_33&otracker=browse&fm=organic&iid=e9d2b9aa-2f3d-4949-bd48-5a1a94a0226c.KTAHFHH3BB8ZMHFK.SEARCH&ppt=None&ppn=None&ssid=1du76gcb1c0000001769920502788,images\33_HERE&NOW.jpeg
34,2026-02-01,Women Printed Pure Cotton Tunic Kurta,,499,75% off,N/A,N/A,https://rukminim2.flixcart.com/image/612/612/xif0q/kurta/f/s/r/xs-hks1292-nayo-original-imahg87czrbxd4ag.jpeg?q=70,https://www.flipkart.com/nayo-women-printed-tunic-kurta/p/itm2cb5f0b58bd53?pid=KTAHG87CVVDCHBJQ&lid=LSTKTAHG87CVVDCHBJQQPJRND&marketplace=FLIPKART&store=clo%2Fcfv%2Fcib%2Frkt&srno=b_1_34&otracker=browse&fm=organic&iid=e9d2b9aa-2f3d-4949-bd48-5a1a94a0226c.KTAHG87CVVDCHBJQ.SEARCH&ppt=None&ppn=None&ssid=1du76gcb1c0000001769920502788,images\34_Women Printed Pure Cotton Tunic Kurta.jpeg
35,2026-02-01,fusion by glitchez,,345,84% off,N/A,N/A,https://rukminim2.flixcart.com/image/612/612/xif0q/kurta/b/m/g/xs-35004908-fusion-by-glitchez-original-imahhsgyf7ynqqyk.jpeg?q=70,https://www.flipkart.com/fusion-glitchez-women-printed-straight-kurta/p/itm6a0fa26bc244d?pid=KTAHHSG5YVHUVQZD&lid=LSTKTAHHSG5YVHUVQZDN72APU&marketplace=FLIPKART&store=clo%2Fcfv%2Fcib%2Frkt&srno=b_1_35&otracker=browse&fm=organic&iid=e9d2b9aa-2f3d-4949-bd48-5a1a94a0226c.KTAHHSG5YVHUVQZD.SEARCH&ppt=None&ppn=None&ssid=1du76gcb1c0000001769920502788,images\35_fusion by glitchez.jpeg
36,2026-02-01,Rain & Rainbow,,628,65% off,N/A,N/A,https://rukminim2.flixcart.com/image/612/612/xif0q/kurta/a/n/i/l-2800-ss-1225-04-rain-rainbow-original-imah48p3yk4qu7hh.jpeg?q=70,https://www.flipkart.com/rain-rainbow-women-self-design-straight-kurta/p/itm7000439ff135a?pid=KTAH48P3PKJYNYJS&lid=LSTKTAH48P3PKJYNYJSF4MXBL&marketplace=FLIPKART&store=clo%2Fcfv%2Fcib%2Frkt&srno=b_1_36&otracker=browse&fm=organic&iid=e9d2b9aa-2f3d-4949-bd48-5a1a94a0226c.KTAH48P3PKJYNYJS.SEARCH&ppt=None&ppn=None&ssid=1du76gcb1c0000001769920502788,images\36_Rain & Rainbow.jpeg
37,2026-02-01,IndraStyle,,398,73% off,N/A,N/A,https://rukminim2.flixcart.com/image/612/612/xif0q/kurta/q/2/h/s-30411701-anouk-original-imahavv2hgtbcxsy.jpeg?q=70,https://www.flipkart.com/indrastyle-women-embellished-straight-kurta/p/itma3f93b2fef980?pid=KTAHEGTDXYZWW2TZ&lid=LSTKTAHEGTDXYZWW2TZTHOZM1&marketplace=FLIPKART&store=clo%2Fcfv%2Fcib%2Frkt&srno=b_1_37&otracker=browse&fm=organic&iid=e9d2b9aa-2f3d-4949-bd48-5a1a94a0226c.KTAHEGTDXYZWW2TZ.SEARCH&ppt=None&ppn=None&ssid=1du76gcb1c0000001769920502788,images\37_IndraStyle.jpeg
38,2026-02-01,SANGOURI,,253,74% off,N/A,N/A,https://rukminim2.flixcart.com/image/612/612/xif0q/kurta/t/w/o/m-1062-shortkurta-sangouri-original-imahdq2hhbcr2wbs.jpeg?q=70,https://www.flipkart.com/sangouri-women-printed-straight-kurta/p/itme79a9d6f70a3a?pid=KTAGYXFH25JHSEKX&lid=LSTKTAGYXFH25JHSEKXRNHYRW&marketplace=FLIPKART&store=clo%2Fcfv%2Fcib%2Frkt&srno=b_1_38&otracker=browse&fm=organic&iid=e9d2b9aa-2f3d-4949-bd48-5a1a94a0226c.KTAGYXFH25JHSEKX.SEARCH&ppt=None&ppn=None&ssid=1du76gcb1c0000001769920502788,images\38_SANGOURI.jpeg
39,2026-02-01,Women Printed Cotton Blend Straight Kurta,,196,82% off,N/A,N/A,https://rukminim2.flixcart.com/image/612/612/xif0q/kurta/n/8/8/l-shortkr1359b-surhi-resized-2-original-imaha6brduagzywg.jpeg?q=70,https://www.flipkart.com/surhi-women-printed-straight-kurta/p/itm11379ed567f8a?pid=KTAH78TPDNYYQEN3&lid=LSTKTAH78TPDNYYQEN3LIZ0RC&marketplace=FLIPKART&store=clo%2Fcfv%2Fcib%2Frkt&srno=b_1_39&otracker=browse&fm=organic&iid=e9d2b9aa-2f3d-4949-bd48-5a1a94a0226c.KTAH78TPDNYYQEN3.SEARCH&ppt=None&ppn=None&ssid=1du76gcb1c0000001769920502788,images\39_Women Printed Cotton Blend Straight Kurta.jpeg
40,2026-02-01,Rain & Rainbow,,717,55% off,N/A,N/A,https://rukminim2.flixcart.com/image/612/612/l1mh7rk0/kurta/l/a/a/l-28000-ss-1101-04-rain-rainbow-original-imagd5g2xkct5th7.jpeg?q=70,https://www.flipkart.com/rain-rainbow-women-printed-straight-kurta/p/itm15a66fea06a59?pid=KTAGD5G22MH2SQCJ&lid=LSTKTAGD5G22MH2SQCJFIYIH3&marketplace=FLIPKART&store=clo%2Fcfv%2Fcib%2Frkt&srno=b_1_40&otracker=browse&fm=organic&iid=e9d2b9aa-2f3d-4949-bd48-5a1a94a0226c.KTAGD5G22MH2SQCJ.SEARCH&ppt=None&ppn=None&ssid=1du76gcb1c0000001769920502788,images\40_Rain & Rainbow.jpeg
